Role,Title,Company,Location,Salary,Experience
IT project manager,Project Manager I / II,N/A,Remote,$64K - $82K (Employer est.),Entry-level
IT project manager,"Project Manager I, IPCM",N/A,Remote,$70K - $80K (Employer est.),Entry-level
IT project manager,Junior Project Manager,N/A,Remote,$50.00 - $60.00 Per Hour (Employer est.),Entry-level
IT project manager,IT Project Manager I,N/A,"Albany, NY",$60K - $85K (Employer est.),Entry-level
IT project manager,Project Manager I - PSO,N/A,Remote,$72K - $107K (Employer est.),Entry-level
IT project manager,Junior IT Project Manager,N/A,United States,N/A,Entry-level
IT project manager,IT Program Manager I CX,N/A,Missouri,$85K - $158K (Employer est.),Entry-level
IT project manager,60211-1 - VR Project Manager III,N/A,"Sunnyvale, CA",$98K - $137K (Glassdoor est.),Entry-level
IT project manager,Jr. Program Manager,N/A,"Seattle, WA",$75K - $80K (Employer est.),Entry-level
IT project manager,"Project Manager 1, CORE Trucks",N/A,California,$29.81 - $35.77 Per Hour (Employer est.),Entry-level
IT project manager,Program Manager I,N/A,"Chicago, IL",$110K - $135K (Employer est.),Entry-level
IT project manager,"Energy Efficiency Project Manager I, Foodservice Programs (Remote - Based in SF Bay Area, CA)",N/A,"San Francisco, CA",$65K - $75K (Employer est.),Entry-level
IT project manager,Project Manager I,N/A,"Albany, NY",$74K - $91K (Employer est.),Entry-level
IT project manager,Senior Project Manager - Examinations,N/A,"Ewing, NJ",$142K - $160K (Employer est.),Mid-level
IT project manager,Sr. IT Project Manager,N/A,"Phoenix, AZ",$112K - $122K (Employer est.),Mid-level
IT project manager,Sr Project Manager,N/A,"Springfield, IL",$79K - $125K (Employer est.),Mid-level
IT project manager,Senior Project Manager,N/A,Indiana,$69K - $99K (Employer est.),Mid-level
IT project manager,Mid-Level IT Project Manager for Software Implementation,N/A,United States,$90K (Employer est.),Mid-level
IT project manager,Teamcenter Senior Project Manager,N/A,Michigan,N/A,Mid-level
IT project manager,Senior IT Project Manager (Remote),N/A,"Austin, TX",$70K - $190K (Employer est.),Mid-level
IT project manager,,,"Ewing, NJ",$142K - $160K,Mid-level
IT project manager,,,"Austin, TX",$70K - $190K,Mid-level
IT project manager,,,Ohio,$86K - $119K (Employer est.),Mid-level
IT project manager,,,Missouri,$101K - $187K (Employer est.),Mid-level
IT project manager,,,"Glastonbury, CT",$111K - $130K (Employer est.),Mid-level
IT project manager,,,North Carolina,$110K - $120K (Employer est.),Mid-level
IT project manager,,,Indiana,$69K - $99K (Employer est.),Mid-level
IT project manager,,,"Mobile, AL",$120K - $165K (Employer est.),Mid-level
IT project manager,,,"Springfield, IL",$79K - $125K (Employer est.),Mid-level
IT project manager,,,"San Diego, CA",$85K (Employer est.),Mid-level
IT project manager,,,Texas,$124K - $250K (Employer est.),Mid-level
IT project manager,,,"Charlotte, NC",$128K - $176K (Glassdoor est.),Mid-level
IT project manager,,,"San Francisco, CA",$230K - $355K (Employer est.),Mid-level
IT project manager,,,"Irvine, CA",$127K - $150K (Employer est.),Mid-level
IT project manager,,,"Austin, TX",$130K - $201K (Employer est.),Mid-level
IT project manager,,,"San Francisco, CA",$112K - $180K (Employer est.),Mid-level
IT project manager,,,"Hartford, CT",$83K - $183K (Employer est.),Mid-level
IT project manager,,,"Oxnard, CA",$145K - $195K (Employer est.),Mid-level
IT project manager,,,"Madison, WI",$92K - $125K (Employer est.),Mid-level
IT project manager,,,"Houston, TX",$109K - $149K (Glassdoor est.),Mid-level
IT project manager,,,"Denver, CO",$90K - $115K (Employer est.),Mid-level
IT project manager,,,"Raleigh, NC",$130K - $165K (Employer est.),Mid-level
IT project manager,,,"Columbia, MD",$110K - $170K (Employer est.),Mid-level
IT project manager,,,"Oak Brook, IL",$65K - $70K (Employer est.),Mid-level
IT project manager,,,"Baltimore, MD",$104K - $207K (Employer est.),Mid-level
IT project manager,,,"Boston, MA",$183K - $215K (Employer est.),Mid-level
IT project manager,,,"Chevy Chase, MD",$130K - $260K (Employer est.),Mid-level
IT project manager,,,"Dallas, TX",$90K - $110K (Employer est.),Mid-level
IT project manager,,,"Washington, DC",$79K - $117K (Glassdoor est.),Mid-level
IT project manager,,,"Atlanta, GA",$125K - $178K (Glassdoor est.),Mid-level
IT project manager,,,"Hartford, CT",$83K - $183K (Employer est.),Mid-level
IT project manager,,,"Washington, DC",$100K - $150K (Employer est.),Mid-level